Name,ID,Date,Time
Sean Pedigo,12345,2022-03-31,13:26:39
Sean Pedigo,12345,2022-03-31,13:26:46
Sean Pedigo,12345,2022-03-31,13:26:46
Sean Pedigo,12345,2022-03-31,13:26:49
Sean Pedigo,12345,2022-03-31,13:26:49
Sean Pedigo,12345,2022-03-31,13:27:15
Sean Pedigo,12345,2022-03-31,13:27:15
Sean Pedigo,12345,2022-03-31,13:27:16
Sean Pedigo,12345,2022-03-31,13:27:16
Sean Pedigo,12345,2022-03-31,13:27:16
Sean Pedigo,12345,2022-03-31,13:27:16
Sean Pedigo,12345,2022-03-31,13:27:16
Sean Pedigo,12345,2022-03-31,13:27:17
Sean Pedigo,12345,2022-03-31,13:27:18
Sean Pedigo,12345,2022-03-31,13:27:18
Sean Pedigo,12345,2022-03-31,13:27:18
Sean Pedigo,12345,2022-03-31,13:27:21
Sean Pedigo,12345,2022-03-31,13:27:22
Sean Pedigo,12345,2022-03-31,13:31:57
Sean Pedigo,12345,2022-03-31,13:31:58
Sean Pedigo,12345,2022-03-31,13:31:59
Sean Pedigo,12345,2022-03-31,13:32:00
Sean Pedigo,12345,2022-03-31,13:32:00
Sean Pedigo,12345,2022-03-31,13:32:00
Sean Pedigo,12345,2022-03-31,13:32:01
Sean Pedigo,12345,2022-03-31,13:32:01
Sean Pedigo,12345,2022-03-31,13:33:41
Sean Pedigo,12345,2022-03-31,13:33:41
Sean Pedigo,12345,2022-03-31,13:34:47
Sean Pedigo,12345,2022-03-31,13:34:48
Sean Pedigo,12345,2022-03-31,13:34:47
Sean Pedigo,12345,2022-03-31,13:34:47
Sean Pedigo,12345,2022-03-31,13:42:48
Sean Pedigo,12345,2022-03-31,13:42:50
Sean Pedigo,12345,2022-03-31,13:42:50
Sean Pedigo,12345,2022-03-31,13:42:51
Sean Pedigo,12345,2022-03-31,13:42:51
Sean Pedigo,12345,2022-03-31,13:42:51
Sean Pedigo,12345,2022-03-31,13:42:53
Sean Pedigo,12345,2022-03-31,13:42:58
Sean Pedigo,12345,2022-03-31,13:43:02
Sean Pedigo,12345,2022-03-31,13:43:03
Sean Pedigo,12345,2022-03-31,13:43:04
Sean Pedigo,12345,2022-03-31,13:43:04
Sean Pedigo,12345,2022-03-31,13:43:06
Sean Pedigo,12345,2022-03-31,13:43:07
Sean Pedigo,12345,2022-03-31,13:43:08
Sean Pedigo,12345,2022-03-31,13:43:08
Sean Pedigo,12345,2022-03-31,13:43:09
Sean Pedigo,12345,2022-03-31,13:43:09
Sean Pedigo,12345,2022-03-31,13:43:10
Sean Pedigo,12345,2022-03-31,13:45:16
Sean Pedigo,12345,2022-03-31,13:45:16
Sean Pedigo,12345,2022-03-31,13:45:17
Sean Pedigo,12345,2022-03-31,13:45:18
Sean Pedigo,12345,2022-03-31,13:45:20
Sean Pedigo,12345,2022-03-31,13:45:21
Sean Pedigo,12345,2022-03-31,13:45:21
Sean Pedigo,12345,2022-03-31,13:45:51
Sean Pedigo,12345,2022-03-31,13:45:51
Sean Pedigo,12345,2022-03-31,13:45:55
Sean Pedigo,12345,2022-03-31,13:45:54
Sean Pedigo,12345,2022-03-31,13:45:55
Sean Pedigo,12345,2022-03-31,13:45:54
Sean Pedigo,12345,2022-03-31,13:49:41
Sean Pedigo,12345,2022-03-31,13:49:41
Sean Pedigo,12345,2022-03-31,13:49:41
Sean Pedigo,12345,2022-03-31,13:49:59
Sean Pedigo,12345,2022-03-31,13:49:59
Sean Pedigo,12345,2022-03-31,13:49:59
Sean Pedigo,12345,2022-03-31,13:49:59
Sean Pedigo,12345,2022-03-31,13:49:59
Sean Pedigo,12345,2022-03-31,13:50:09
Sean Pedigo,12345,2022-03-31,13:51:32
Sean Pedigo,12345,2022-03-31,13:51:40
Sean Pedigo,12345,2022-03-31,13:51:41
Sean Pedigo,12345,2022-03-31,13:51:41
Sean Pedigo,12345,2022-03-31,13:51:41
Sean Pedigo,12345,2022-03-31,13:51:41
Sean Pedigo,12345,2022-03-31,13:51:54
Sean Pedigo,12345,2022-03-31,13:51:53
Sean Pedigo,12345,2022-03-31,13:51:54
Sean Pedigo,12345,2022-03-31,13:51:53
Sean Pedigo,12345,2022-03-31,13:51:54
Sean Pedigo,12345,2022-03-31,13:51:54
Sean Pedigo,12345,2022-03-31,13:52:05
UNKNOWN,UNKNOWN,2022-03-31,13:54:21
UNKNOWN,UNKNOWN,2022-03-31,13:54:20
UNKNOWN,UNKNOWN,2022-03-31,14:17:49
UNKNOWN,UNKNOWN,2022-03-31,14:17:51
UNKNOWN,UNKNOWN,2022-03-31,14:17:53
UNKNOWN,UNKNOWN,2022-03-31,14:17:55
UNKNOWN,UNKNOWN,2022-03-31,14:17:57
UNKNOWN,UNKNOWN,2022-03-31,14:17:59
UNKNOWN,UNKNOWN,2022-03-31,14:18:01
UNKNOWN,UNKNOWN,2022-03-31,14:18:02
UNKNOWN,UNKNOWN,2022-03-31,14:18:04
UNKNOWN,UNKNOWN,2022-03-31,14:18:06
UNKNOWN,UNKNOWN,2022-03-31,14:18:08
UNKNOWN,UNKNOWN,2022-03-31,14:18:10
UNKNOWN,UNKNOWN,2022-03-31,14:18:13
UNKNOWN,UNKNOWN,2022-03-31,14:18:14
UNKNOWN,UNKNOWN,2022-03-31,14:18:16
UNKNOWN,UNKNOWN,2022-03-31,14:18:18
UNKNOWN,UNKNOWN,2022-03-31,14:18:20
UNKNOWN,UNKNOWN,2022-03-31,14:18:22
UNKNOWN,UNKNOWN,2022-03-31,14:18:23
UNKNOWN,UNKNOWN,2022-03-31,14:18:25
UNKNOWN,UNKNOWN,2022-03-31,14:18:27
UNKNOWN,UNKNOWN,2022-03-31,14:18:29
UNKNOWN,UNKNOWN,2022-03-31,14:18:31
UNKNOWN,UNKNOWN,2022-03-31,14:18:33
UNKNOWN,UNKNOWN,2022-03-31,14:18:35
UNKNOWN,UNKNOWN,2022-03-31,14:18:36
UNKNOWN,UNKNOWN,2022-03-31,14:18:39
UNKNOWN,UNKNOWN,2022-03-31,14:18:44
UNKNOWN,UNKNOWN,2022-03-31,14:18:44
UNKNOWN,UNKNOWN,2022-03-31,14:18:47
UNKNOWN,UNKNOWN,2022-03-31,14:18:49
UNKNOWN,UNKNOWN,2022-03-31,14:18:54
UNKNOWN,UNKNOWN,2022-03-31,14:18:55
UNKNOWN,UNKNOWN,2022-03-31,14:18:57
UNKNOWN,UNKNOWN,2022-03-31,14:19:03
UNKNOWN,UNKNOWN,2022-03-31,14:19:05
UNKNOWN,UNKNOWN,2022-03-31,14:19:10
UNKNOWN,UNKNOWN,2022-03-31,14:19:11
UNKNOWN,UNKNOWN,2022-03-31,14:19:13
UNKNOWN,UNKNOWN,2022-03-31,14:19:16
